gen,prey_best,prey_mean,pred_best,pred_mean,prey_species,pred_species,prey_survivors,pred_survivors
0,60,1.5,50,3.5,1,1,123,100
1,90,0.807692,150,6,1,1,118,100
2,150,2.42308,100,6,1,1,118,100
3,120,3,100,5,1,1,120,100
4,75,3.11538,50,4,3,3,122,100
5,120,3.80769,50,5.5,3,10,119,100
6,120,6,50,7,4,5,116,100
7,180,2.65385,100,6.5,3,5,117,100
8,105,3.92308,50,3.5,5,5,123,100
9,120,1.61538,50,5,12,6,120,100
10,180,6.34615,50,7,12,7,116,100
11,225,6.23077,150,11,12,7,108,100
